FIPS,Name,total_pop,hisp_pop,hisp_perc
19001960100,"Census Tract 9601, Adair County, Iowa",2831,58,2.0
19001960200,"Census Tract 9602, Adair County, Iowa",1700,12,0.7
19001960300,"Census Tract 9603, Adair County, Iowa",3012,44,1.5
19003950100,"Census Tract 9501, Adams County, Iowa",1678,6,0.4
19003950200,"Census Tract 9502, Adams County, Iowa",2259,33,1.5
19005960100,"Census Tract 9601, Allamakee County, Iowa",1928,49,2.5
19005960200,"Census Tract 9602, Allamakee County, Iowa",2616,0,0.0
19005960300,"Census Tract 9603, Allamakee County, Iowa",3987,40,1.0
19005960400,"Census Tract 9604, Allamakee County, Iowa",2413,7,0.3
19005960500,"Census Tract 9605, Allamakee County, Iowa",3208,673,21.0
19007950100,"Census Tract 9501, Appanoose County, Iowa",2860,27,0.9
19007950200,"Census Tract 9502, Appanoose County, Iowa",1765,5,0.3
19007950300,"Census Tract 9503, Appanoose County, Iowa",2654,140,5.3
19007950400,"Census Tract 9504, Appanoose County, Iowa",3420,21,0.6
19007950500,"Census Tract 9505, Appanoose County, Iowa",2055,4,0.2
19009070100,"Census Tract 701, Audubon County, Iowa",1973,12,0.6
19009070200,"Census Tract 702, Audubon County, Iowa",2281,30,1.3
19009070300,"Census Tract 703, Audubon County, Iowa",1681,0,0.0
19011960100,"Census Tract 9601, Benton County, Iowa",2946,0,0.0
19011960200,"Census Tract 9602, Benton County, Iowa",3136,90,2.9
19011960300,"Census Tract 9603, Benton County, Iowa",5432,2,0.0
19011960400,"Census Tract 9604, Benton County, Iowa",3141,0,0.0
19011960500,"Census Tract 9605, Benton County, Iowa",5786,30,0.5
19011960600,"Census Tract 9606, Benton County, Iowa",2714,52,1.9
19011960700,"Census Tract 9607, Benton County, Iowa",2740,140,5.1
19013000100,"Census Tract 1, Black Hawk County, Iowa",1806,166,9.2
19013000200,"Census Tract 2, Black Hawk County, Iowa",3099,284,9.2
19013000300,"Census Tract 3, Black Hawk County, Iowa",2558,129,5.0
19013000400,"Census Tract 4, Black Hawk County, Iowa",1492,0,0.0
19013000500,"Census Tract 5, Black Hawk County, Iowa",1969,234,11.9
19013000700,"Census Tract 7, Black Hawk County, Iowa",1660,516,31.1
19013000800,"Census Tract 8, Black Hawk County, Iowa",4329,654,15.1
19013000900,"Census Tract 9, Black Hawk County, Iowa",1818,208,11.4
19013001000,"Census Tract 10, Black Hawk County, Iowa",3799,134,3.5
19013001100,"Census Tract 11, Black Hawk County, Iowa",3100,367,11.8
19013001200,"Census Tract 12, Black Hawk County, Iowa",2387,100,4.2
19013001301,"Census Tract 13.01, Black Hawk County, Iowa",3940,256,6.5
19013001302,"Census Tract 13.02, Black Hawk County, Iowa",3994,26,0.7
19013001400,"Census Tract 14, Black Hawk County, Iowa",4678,158,3.4
19013001501,"Census Tract 15.01, Black Hawk County, Iowa",3247,52,1.6
19013001502,"Census Tract 15.02, Black Hawk County, Iowa",4233,79,1.9
19013001503,"Census Tract 15.03, Black Hawk County, Iowa",3585,40,1.1
19013001600,"Census Tract 16, Black Hawk County, Iowa",2922,7,0.2
19013001701,"Census Tract 17.01, Black Hawk County, Iowa",2130,128,6.0
19013001702,"Census Tract 17.02, Black Hawk County, Iowa",2419,101,4.2
19013001800,"Census Tract 18, Black Hawk County, Iowa",1364,42,3.1
19013001900,"Census Tract 19, Black Hawk County, Iowa",2234,252,11.3
19013002000,"Census Tract 20, Black Hawk County, Iowa",5416,157,2.9
19013002200,"Census Tract 22, Black Hawk County, Iowa",4259,78,1.8
19013002301,"Census Tract 23.01, Black Hawk County, Iowa",2180,72,3.3
19013002303,"Census Tract 23.03, Black Hawk County, Iowa",5333,64,1.2
19013002304,"Census Tract 23.04, Black Hawk County, Iowa",2575,30,1.2
19013002400,"Census Tract 24, Black Hawk County, Iowa",4027,86,2.1
19013002500,"Census Tract 25, Black Hawk County, Iowa",5567,37,0.7
19013002601,"Census Tract 26.01, Black Hawk County, Iowa",4575,76,1.7
19013002603,"Census Tract 26.03, Black Hawk County, Iowa",10675,262,2.5
19013002604,"Census Tract 26.04, Black Hawk County, Iowa",4279,13,0.3
19013002700,"Census Tract 27, Black Hawk County, Iowa",3710,41,1.1
19013002800,"Census Tract 28, Black Hawk County, Iowa",3191,64,2.0
19013002901,"Census Tract 29.01, Black Hawk County, Iowa",1322,4,0.3
19013002902,"Census Tract 29.02, Black Hawk County, Iowa",3916,181,4.6
19013003001,"Census Tract 30.01, Black Hawk County, Iowa",4434,87,2.0
19013003002,"Census Tract 30.02, Black Hawk County, Iowa",3725,29,0.8
19015020100,"Census Tract 201, Boone County, Iowa",2836,51,1.8
19015020200,"Census Tract 202, Boone County, Iowa",4035,78,1.9
19015020300,"Census Tract 203, Boone County, Iowa",6123,223,3.6
19015020400,"Census Tract 204, Boone County, Iowa",2495,20,0.8
19015020500,"Census Tract 205, Boone County, Iowa",4569,76,1.7
19015020600,"Census Tract 206, Boone County, Iowa",2273,106,4.7
19015020700,"Census Tract 207, Boone County, Iowa",3995,20,0.5
19017004000,"Census Tract 40, Bremer County, Iowa",2789,20,0.7
19017004100,"Census Tract 41, Bremer County, Iowa",3351,51,1.5
19017004200,"Census Tract 42, Bremer County, Iowa",4057,107,2.6
19017004300,"Census Tract 43, Bremer County, Iowa",1801,16,0.9
19017004400,"Census Tract 44, Bremer County, Iowa",3101,44,1.4
19017004500,"Census Tract 45, Bremer County, Iowa",2487,41,1.6
19017004600,"Census Tract 46, Bremer County, Iowa",4768,6,0.1
19017004700,"Census Tract 47, Bremer County, Iowa",2127,5,0.2
19019950100,"Census Tract 9501, Buchanan County, Iowa",2451,41,1.7
19019950200,"Census Tract 9502, Buchanan County, Iowa",3749,11,0.3
19019950300,"Census Tract 9503, Buchanan County, Iowa",3573,33,0.9
19019950400,"Census Tract 9504, Buchanan County, Iowa",2509,38,1.5
19019950500,"Census Tract 9505, Buchanan County, Iowa",4129,143,3.5
19019950600,"Census Tract 9506, Buchanan County, Iowa",4536,12,0.3
19021960100,"Census Tract 9601, Buena Vista County, Iowa",1579,20,1.3
19021960200,"Census Tract 9602, Buena Vista County, Iowa",1793,52,2.9
19021960300,"Census Tract 9603, Buena Vista County, Iowa",2124,155,7.3
19021960400,"Census Tract 9604, Buena Vista County, Iowa",6395,2733,42.7
19021960500,"Census Tract 9605, Buena Vista County, Iowa",5010,1674,33.4
19021960600,"Census Tract 9606, Buena Vista County, Iowa",3559,291,8.2
19023070100,"Census Tract 701, Butler County, Iowa",3386,7,0.2
19023070200,"Census Tract 702, Butler County, Iowa",1985,21,1.1
19023070300,"Census Tract 703, Butler County, Iowa",2952,26,0.9
19023070400,"Census Tract 704, Butler County, Iowa",3690,53,1.4
19023070500,"Census Tract 705, Butler County, Iowa",2953,47,1.6
19025950100,"Census Tract 9501, Calhoun County, Iowa",2325,31,1.3
19025950200,"Census Tract 9502, Calhoun County, Iowa",3236,75,2.3
19025950300,"Census Tract 9503, Calhoun County, Iowa",2178,39,1.8
19025950400,"Census Tract 9504, Calhoun County, Iowa",2241,16,0.7
19027960100,"Census Tract 9601, Carroll County, Iowa",3902,46,1.2
19027960200,"Census Tract 9602, Carroll County, Iowa",2311,35,1.5
19027960300,"Census Tract 9603, Carroll County, Iowa",6050,90,1.5
19027960400,"Census Tract 9604, Carroll County, Iowa",4023,162,4.0
19027960500,"Census Tract 9605, Carroll County, Iowa",1963,20,1.0
19027960600,"Census Tract 9606, Carroll County, Iowa",2453,53,2.2
19029190100,"Census Tract 1901, Cass County, Iowa",2381,32,1.3
19029190200,"Census Tract 1902, Cass County, Iowa",2531,17,0.7
19029190300,"Census Tract 1903, Cass County, Iowa",1647,2,0.1
19029190400,"Census Tract 1904, Cass County, Iowa",4079,195,4.8
19029190500,"Census Tract 1905, Cass County, Iowa",3056,64,2.1
19031450100,"Census Tract 4501, Cedar County, Iowa",2808,43,1.5
19031450200,"Census Tract 4502, Cedar County, Iowa",3624,54,1.5
19031450300,"Census Tract 4503, Cedar County, Iowa",3684,12,0.3
19031450400,"Census Tract 4504, Cedar County, Iowa",2853,59,2.1
19031450500,"Census Tract 4505, Cedar County, Iowa",5465,146,2.7
19033950102,"Census Tract 9501.02, Cerro Gordo County, Iowa",4374,313,7.2
19033950200,"Census Tract 9502, Cerro Gordo County, Iowa",6521,371,5.7
19033950300,"Census Tract 9503, Cerro Gordo County, Iowa",4703,249,5.3
19033950402,"Census Tract 9504.02, Cerro Gordo County, Iowa",4160,119,2.9
19033950600,"Census Tract 9506, Cerro Gordo County, Iowa",2303,25,1.1
19033950700,"Census Tract 9507, Cerro Gordo County, Iowa",3919,105,2.7
19033950800,"Census Tract 9508, Cerro Gordo County, Iowa",4826,226,4.7
19033950900,"Census Tract 9509, Cerro Gordo County, Iowa",1861,27,1.5
19033951000,"Census Tract 9510, Cerro Gordo County, Iowa",2807,86,3.1
19033951400,"Census Tract 9514, Cerro Gordo County, Iowa",3791,23,0.6
19033951600,"Census Tract 9516, Cerro Gordo County, Iowa",4442,240,5.4
19035080100,"Census Tract 801, Cherokee County, Iowa",5457,197,3.6
19035080200,"Census Tract 802, Cherokee County, Iowa",2528,23,0.9
19035080300,"Census Tract 803, Cherokee County, Iowa",1766,20,1.1
19035080400,"Census Tract 804, Cherokee County, Iowa",2231,103,4.6
19037070100,"Census Tract 701, Chickasaw County, Iowa",3434,39,1.1
19037070200,"Census Tract 702, Chickasaw County, Iowa",2417,5,0.2
19037070300,"Census Tract 703, Chickasaw County, Iowa",2684,130,4.8
19037070400,"Census Tract 704, Chickasaw County, Iowa",3794,109,2.9
19039960100,"Census Tract 9601, Clarke County, Iowa",4972,974,19.6
19039960200,"Census Tract 9602, Clarke County, Iowa",2163,56,2.6
19039960300,"Census Tract 9603, Clarke County, Iowa",2149,0,0.0
19041080100,"Census Tract 801, Clay County, Iowa",2059,1,0.0
19041080200,"Census Tract 802, Clay County, Iowa",5346,214,4.0
19041080300,"Census Tract 803, Clay County, Iowa",6142,254,4.1
19041080400,"Census Tract 804, Clay County, Iowa",3008,17,0.6
19043070100,"Census Tract 701, Clayton County, Iowa",2978,86,2.9
19043070200,"Census Tract 702, Clayton County, Iowa",3532,92,2.6
19043070300,"Census Tract 703, Clayton County, Iowa",3284,72,2.2
19043070400,"Census Tract 704, Clayton County, Iowa",2447,19,0.8
19043070500,"Census Tract 705, Clayton County, Iowa",2266,40,1.8
19043070600,"Census Tract 706, Clayton County, Iowa",3393,13,0.4
19045000100,"Census Tract 1, Clinton County, Iowa",2926,87,3.0
19045000200,"Census Tract 2, Clinton County, Iowa",1987,189,9.5
19045000300,"Census Tract 3, Clinton County, Iowa",4928,122,2.5
19045000400,"Census Tract 4, Clinton County, Iowa",3792,80,2.1
19045000500,"Census Tract 5, Clinton County, Iowa",4919,51,1.0
19045000600,"Census Tract 6, Clinton County, Iowa",3917,63,1.6
19045000700,"Census Tract 7, Clinton County, Iowa",3992,200,5.0
19045000800,"Census Tract 8, Clinton County, Iowa",5198,279,5.4
19045000900,"Census Tract 9, Clinton County, Iowa",6568,146,2.2
19045001000,"Census Tract 10, Clinton County, Iowa",4069,22,0.5
19045001100,"Census Tract 11, Clinton County, Iowa",2435,38,1.6
19045001200,"Census Tract 12, Clinton County, Iowa",3932,74,1.9
19047070100,"Census Tract 701, Crawford County, Iowa",1930,171,8.9
19047070200,"Census Tract 702, Crawford County, Iowa",2200,143,6.5
19047070300,"Census Tract 703, Crawford County, Iowa",2364,141,6.0
19047070400,"Census Tract 704, Crawford County, Iowa",8696,4000,46.0
19047070500,"Census Tract 705, Crawford County, Iowa",2069,108,5.2
19049050100,"Census Tract 501, Dallas County, Iowa",4778,10,0.2
19049050200,"Census Tract 502, Dallas County, Iowa",3988,58,1.5
19049050300,"Census Tract 503, Dallas County, Iowa",4884,1501,30.7
19049050400,"Census Tract 504, Dallas County, Iowa",3295,1194,36.2
19049050500,"Census Tract 505, Dallas County, Iowa",1992,95,4.8
19049050600,"Census Tract 506, Dallas County, Iowa",3017,9,0.3
19049050700,"Census Tract 507, Dallas County, Iowa",4508,145,3.2
19049050803,"Census Tract 508.03, Dallas County, Iowa",6677,92,1.4
19049050805,"Census Tract 508.05, Dallas County, Iowa",6154,421,6.8
19049050807,"Census Tract 508.07, Dallas County, Iowa",7392,212,2.9
19049050809,"Census Tract 508.09, Dallas County, Iowa",7012,283,4.0
19049050811,"Census Tract 508.11, Dallas County, Iowa",8810,232,2.6
19049050812,"Census Tract 508.12, Dallas County, Iowa",2130,57,2.7
19049050901,"Census Tract 509.01, Dallas County, Iowa",3311,123,3.7
19049050902,"Census Tract 509.02, Dallas County, Iowa",4176,54,1.3
19051080100,"Census Tract 801, Davis County, Iowa",3906,77,2.0
19051080200,"Census Tract 802, Davis County, Iowa",4859,24,0.5
19053960100,"Census Tract 9601, Decatur County, Iowa",2349,17,0.7
19053960200,"Census Tract 9602, Decatur County, Iowa",3778,175,4.6
19053960300,"Census Tract 9603, Decatur County, Iowa",2159,21,1.0
19055950100,"Census Tract 9501, Delaware County, Iowa",3964,66,1.7
19055950200,"Census Tract 9502, Delaware County, Iowa",2858,8,0.3
19055950300,"Census Tract 9503, Delaware County, Iowa",5226,72,1.4
19055950400,"Census Tract 9504, Delaware County, Iowa",5530,27,0.5
19057000200,"Census Tract 2, Des Moines County, Iowa",2716,133,4.9
19057000300,"Census Tract 3, Des Moines County, Iowa",3797,76,2.0
19057000400,"Census Tract 4, Des Moines County, Iowa",4213,371,8.8
19057000500,"Census Tract 5, Des Moines County, Iowa",5109,30,0.6
19057000600,"Census Tract 6, Des Moines County, Iowa",4098,256,6.2
19057000700,"Census Tract 7, Des Moines County, Iowa",2906,14,0.5
19057000800,"Census Tract 8, Des Moines County, Iowa",3198,78,2.4
19057000900,"Census Tract 9, Des Moines County, Iowa",3508,0,0.0
19057001000,"Census Tract 10, Des Moines County, Iowa",4438,76,1.7
19057001100,"Census Tract 11, Des Moines County, Iowa",3660,35,1.0
19057001200,"Census Tract 12, Des Moines County, Iowa",2622,33,1.3
19059450200,"Census Tract 4502, Dickinson County, Iowa",2028,24,1.2
19059450500,"Census Tract 4505, Dickinson County, Iowa",5034,74,1.5
19059450800,"Census Tract 4508, Dickinson County, Iowa",3456,32,0.9
19059451000,"Census Tract 4510, Dickinson County, Iowa",2455,13,0.5
19059451100,"Census Tract 4511, Dickinson County, Iowa",3904,99,2.5
19061000100,"Census Tract 1, Dubuque County, Iowa",2842,209,7.4
19061000300,"Census Tract 3, Dubuque County, Iowa",2020,43,2.1
19061000400,"Census Tract 4, Dubuque County, Iowa",4227,90,2.1
19061000500,"Census Tract 5, Dubuque County, Iowa",3655,241,6.6
19061000600,"Census Tract 6, Dubuque County, Iowa",3270,50,1.5
19061000701,"Census Tract 7.01, Dubuque County, Iowa",3682,120,3.3
19061000702,"Census Tract 7.02, Dubuque County, Iowa",2799,51,1.8
19061000801,"Census Tract 8.01, Dubuque County, Iowa",4342,20,0.5
19061000802,"Census Tract 8.02, Dubuque County, Iowa",3347,100,3.0
19061000900,"Census Tract 9, Dubuque County, Iowa",3988,87,2.2
19061001101,"Census Tract 11.01, Dubuque County, Iowa",3596,52,1.4
19061001102,"Census Tract 11.02, Dubuque County, Iowa",6794,58,0.9
19061001201,"Census Tract 12.01, Dubuque County, Iowa",3858,55,1.4
19061001202,"Census Tract 12.02, Dubuque County, Iowa",1910,49,2.6
19061001204,"Census Tract 12.04, Dubuque County, Iowa",2381,0,0.0
19061001205,"Census Tract 12.05, Dubuque County, Iowa",4385,18,0.4
19061010101,"Census Tract 101.01, Dubuque County, Iowa",1889,26,1.4
19061010103,"Census Tract 101.03, Dubuque County, Iowa",2963,0,0.0
19061010104,"Census Tract 101.04, Dubuque County, Iowa",4654,153,3.3
19061010105,"Census Tract 101.05, Dubuque County, Iowa",3832,36,0.9
19061010201,"Census Tract 102.01, Dubuque County, Iowa",5680,64,1.1
19061010202,"Census Tract 102.02, Dubuque County, Iowa",4424,10,0.2
19061010300,"Census Tract 103, Dubuque County, Iowa",3205,70,2.2
19061010400,"Census Tract 104, Dubuque County, Iowa",3746,96,2.6
19061010500,"Census Tract 105, Dubuque County, Iowa",4476,67,1.5
19061010600,"Census Tract 106, Dubuque County, Iowa",3201,205,6.4
19063070100,"Census Tract 701, Emmet County, Iowa",1966,12,0.6
19063070200,"Census Tract 702, Emmet County, Iowa",1777,24,1.4
19063070300,"Census Tract 703, Emmet County, Iowa",3314,635,19.2
19063070400,"Census Tract 704, Emmet County, Iowa",3011,238,7.9
19065080100,"Census Tract 801, Fayette County, Iowa",2813,4,0.1
19065080200,"Census Tract 802, Fayette County, Iowa",3439,116,3.4
19065080300,"Census Tract 803, Fayette County, Iowa",2470,8,0.3
19065080400,"Census Tract 804, Fayette County, Iowa",2930,133,4.5
19065080500,"Census Tract 805, Fayette County, Iowa",3557,117,3.3
19065080600,"Census Tract 806, Fayette County, Iowa",2424,9,0.4
19065080700,"Census Tract 807, Fayette County, Iowa",3060,39,1.3
19067480100,"Census Tract 4801, Floyd County, Iowa",2905,99,3.4
19067480200,"Census Tract 4802, Floyd County, Iowa",2741,39,1.4
19067480300,"Census Tract 4803, Floyd County, Iowa",2472,3,0.1
19067480400,"Census Tract 4804, Floyd County, Iowa",3154,80,2.5
19067480500,"Census Tract 4805, Floyd County, Iowa",4881,125,2.6
19069360100,"Census Tract 3601, Franklin County, Iowa",3331,109,3.3
19069360200,"Census Tract 3602, Franklin County, Iowa",4699,969,20.6
19069360300,"Census Tract 3603, Franklin County, Iowa",2542,125,4.9
19071970100,"Census Tract 9701, Fremont County, Iowa",2172,11,0.5
19071970200,"Census Tract 9702, Fremont County, Iowa",2746,68,2.5
19071970300,"Census Tract 9703, Fremont County, Iowa",2282,105,4.6
19073080100,"Census Tract 801, Greene County, Iowa",2066,42,2.0
19073080200,"Census Tract 802, Greene County, Iowa",2587,34,1.3
19073080300,"Census Tract 803, Greene County, Iowa",2816,95,3.4
19073080500,"Census Tract 805, Greene County, Iowa",1763,56,3.2
19075960100,"Census Tract 9601, Grundy County, Iowa",4338,87,2.0
19075960200,"Census Tract 9602, Grundy County, Iowa",3081,0,0.0
19075960300,"Census Tract 9603, Grundy County, Iowa",2967,0,0.0
19075960400,"Census Tract 9604, Grundy County, Iowa",2017,54,2.7
19077950100,"Census Tract 9501, Guthrie County, Iowa",4245,104,2.4
19077950200,"Census Tract 9502, Guthrie County, Iowa",2261,40,1.8
19077950300,"Census Tract 9503, Guthrie County, Iowa",4288,78,1.8
19079960100,"Census Tract 9601, Hamilton County, Iowa",1970,21,1.1
19079960200,"Census Tract 9602, Hamilton County, Iowa",3454,344,10.0
19079960300,"Census Tract 9603, Hamilton County, Iowa",3378,150,4.4
19079960400,"Census Tract 9604, Hamilton County, Iowa",4796,273,5.7
19079960500,"Census Tract 9605, Hamilton County, Iowa",1765,6,0.3
19081270100,"Census Tract 2701, Hancock County, Iowa",3828,113,3.0
19081270200,"Census Tract 2702, Hancock County, Iowa",2613,30,1.1
19081270300,"Census Tract 2703, Hancock County, Iowa",2582,139,5.4
19081270400,"Census Tract 2704, Hancock County, Iowa",2152,115,5.3
19083480100,"Census Tract 4801, Hardin County, Iowa",2630,96,3.7
19083480200,"Census Tract 4802, Hardin County, Iowa",2123,265,12.5
19083480300,"Census Tract 4803, Hardin County, Iowa",3804,83,2.2
19083480400,"Census Tract 4804, Hardin County, Iowa",2840,64,2.3
19083480500,"Census Tract 4805, Hardin County, Iowa",2945,121,4.1
19083480600,"Census Tract 4806, Hardin County, Iowa",3064,41,1.3
19085290100,"Census Tract 2901, Harrison County, Iowa",2517,15,0.6
19085290200,"Census Tract 2902, Harrison County, Iowa",3482,65,1.9
19085290300,"Census Tract 2903, Harrison County, Iowa",3043,63,2.1
19085290400,"Census Tract 2904, Harrison County, Iowa",3266,57,1.7
19085290500,"Census Tract 2905, Harrison County, Iowa",2292,0,0.0
19087970100,"Census Tract 9701, Henry County, Iowa",4007,311,7.8
19087970200,"Census Tract 9702, Henry County, Iowa",3147,3,0.1
19087970300,"Census Tract 9703, Henry County, Iowa",4240,179,4.2
19087970400,"Census Tract 9704, Henry County, Iowa",5025,358,7.1
19087970500,"Census Tract 9705, Henry County, Iowa",3778,17,0.4
19089960100,"Census Tract 9601, Howard County, Iowa",3975,134,3.4
19089960200,"Census Tract 9602, Howard County, Iowa",2783,0,0.0
19089960300,"Census Tract 9603, Howard County, Iowa",2771,5,0.2
19091970100,"Census Tract 9701, Humboldt County, Iowa",2276,41,1.8
19091970200,"Census Tract 9702, Humboldt County, Iowa",1825,89,4.9
19091970300,"Census Tract 9703, Humboldt County, Iowa",2892,100,3.5
19091970400,"Census Tract 9704, Humboldt County, Iowa",2738,134,4.9
19093090100,"Census Tract 901, Ida County, Iowa",2493,60,2.4
19093090200,"Census Tract 902, Ida County, Iowa",2302,0,0.0
19093090300,"Census Tract 903, Ida County, Iowa",2290,67,2.9
19095960100,"Census Tract 9601, Iowa County, Iowa",3695,75,2.0
19095960200,"Census Tract 9602, Iowa County, Iowa",3724,187,5.0
19095960300,"Census Tract 9603, Iowa County, Iowa",3398,11,0.3
19095960400,"Census Tract 9604, Iowa County, Iowa",5499,80,1.5
19097950100,"Census Tract 9501, Jackson County, Iowa",2540,0,0.0
19097950200,"Census Tract 9502, Jackson County, Iowa",3524,95,2.7
19097950300,"Census Tract 9503, Jackson County, Iowa",3448,38,1.1
19097950400,"Census Tract 9504, Jackson County, Iowa",3768,20,0.5
19097950500,"Census Tract 9505, Jackson County, Iowa",4188,64,1.5
19097950600,"Census Tract 9506, Jackson County, Iowa",2188,35,1.6
19099040100,"Census Tract 401, Jasper County, Iowa",3838,64,1.7
19099040200,"Census Tract 402, Jasper County, Iowa",3616,154,4.3
19099040300,"Census Tract 403, Jasper County, Iowa",2443,14,0.6
19099040400,"Census Tract 404, Jasper County, Iowa",4898,18,0.4
19099040500,"Census Tract 405, Jasper County, Iowa",5476,62,1.1
19099040600,"Census Tract 406, Jasper County, Iowa",2779,0,0.0
19099040700,"Census Tract 407, Jasper County, Iowa",5052,61,1.2
19099040800,"Census Tract 408, Jasper County, Iowa",5586,215,3.8
19099040900,"Census Tract 409, Jasper County, Iowa",3027,6,0.2
19101090100,"Census Tract 901, Jefferson County, Iowa",3140,7,0.2
19101090200,"Census Tract 902, Jefferson County, Iowa",3927,40,1.0
19101090300,"Census Tract 903, Jefferson County, Iowa",5275,333,6.3
19101090400,"Census Tract 904, Jefferson County, Iowa",4760,81,1.7
19103000100,"Census Tract 1, Johnson County, Iowa",6813,527,7.7
19103000200,"Census Tract 2, Johnson County, Iowa",2620,139,5.3
19103000301,"Census Tract 3.01, Johnson County, Iowa",9729,456,4.7
19103000302,"Census Tract 3.02, Johnson County, Iowa",5613,508,9.1
19103000400,"Census Tract 4, Johnson County, Iowa",7198,72,1.0
19103000500,"Census Tract 5, Johnson County, Iowa",7695,347,4.5
19103000600,"Census Tract 6, Johnson County, Iowa",3432,119,3.5
19103001100,"Census Tract 11, Johnson County, Iowa",3969,66,1.7
19103001200,"Census Tract 12, Johnson County, Iowa",1929,66,3.4
19103001300,"Census Tract 13, Johnson County, Iowa",3095,109,3.5
19103001400,"Census Tract 14, Johnson County, Iowa",4622,179,3.9
19103001500,"Census Tract 15, Johnson County, Iowa",2699,95,3.5
19103001600,"Census Tract 16, Johnson County, Iowa",7170,163,2.3
19103001700,"Census Tract 17, Johnson County, Iowa",3037,30,1.0
19103001801,"Census Tract 18.01, Johnson County, Iowa",5324,967,18.2
19103001802,"Census Tract 18.02, Johnson County, Iowa",3794,538,14.2
19103002100,"Census Tract 21, Johnson County, Iowa",4014,235,5.9
19103002300,"Census Tract 23, Johnson County, Iowa",4797,120,2.5
19103010100,"Census Tract 101, Johnson County, Iowa",7115,57,0.8
19103010200,"Census Tract 102, Johnson County, Iowa",4746,0,0.0
19103010301,"Census Tract 103.01, Johnson County, Iowa",10418,589,5.7
19103010302,"Census Tract 103.02, Johnson County, Iowa",12697,747,5.9
19103010400,"Census Tract 104, Johnson County, Iowa",6812,239,3.5
19103010500,"Census Tract 105, Johnson County, Iowa",7464,678,9.1
19105070100,"Census Tract 701, Jones County, Iowa",4356,68,1.6
19105070300,"Census Tract 703, Jones County, Iowa",4714,146,3.1
19105070400,"Census Tract 704, Jones County, Iowa",4761,57,1.2
19105070500,"Census Tract 705, Jones County, Iowa",2519,24,1.0
19105070600,"Census Tract 706, Jones County, Iowa",4257,12,0.3
19107080100,"Census Tract 801, Keokuk County, Iowa",2121,39,1.8
19107080200,"Census Tract 802, Keokuk County, Iowa",2477,22,0.9
19107080300,"Census Tract 803, Keokuk County, Iowa",2966,68,2.3
19107080400,"Census Tract 804, Keokuk County, Iowa",2797,7,0.3
19109950100,"Census Tract 9501, Kossuth County, Iowa",2346,37,1.6
19109950200,"Census Tract 9502, Kossuth County, Iowa",2463,41,1.7
19109950300,"Census Tract 9503, Kossuth County, Iowa",2265,34,1.5
19109950400,"Census Tract 9504, Kossuth County, Iowa",2739,96,3.5
19109950500,"Census Tract 9505, Kossuth County, Iowa",3363,23,0.7
19109950600,"Census Tract 9506, Kossuth County, Iowa",2171,30,1.4
19111490100,"Census Tract 4901, Lee County, Iowa",4295,134,3.1
19111490200,"Census Tract 4902, Lee County, Iowa",4572,329,7.2
19111490300,"Census Tract 4903, Lee County, Iowa",2140,17,0.8
19111490400,"Census Tract 4904, Lee County, Iowa",2792,45,1.6
19111490500,"Census Tract 4905, Lee County, Iowa",3451,36,1.0
19111490600,"Census Tract 4906, Lee County, Iowa",3477,7,0.2
19111490700,"Census Tract 4907, Lee County, Iowa",4524,148,3.3
19111490800,"Census Tract 4908, Lee County, Iowa",2333,33,1.4
19111490900,"Census Tract 4909, Lee County, Iowa",2236,147,6.6
19111491000,"Census Tract 4910, Lee County, Iowa",2207,83,3.8
19111491100,"Census Tract 4911, Lee County, Iowa",3525,175,5.0
19113000100,"Census Tract 1, Linn County, Iowa",12758,112,0.9
19113000201,"Census Tract 2.01, Linn County, Iowa",5672,113,2.0
19113000203,"Census Tract 2.03, Linn County, Iowa",7751,6,0.1
19113000205,"Census Tract 2.05, Linn County, Iowa",4226,0,0.0
19113000206,"Census Tract 2.06, Linn County, Iowa",7568,163,2.2
19113000207,"Census Tract 2.07, Linn County, Iowa",5665,351,6.2
19113000300,"Census Tract 3, Linn County, Iowa",5748,188,3.3
19113000400,"Census Tract 4, Linn County, Iowa",5078,167,3.3
19113000500,"Census Tract 5, Linn County, Iowa",6159,186,3.0
19113000600,"Census Tract 6, Linn County, Iowa",3150,49,1.6
19113000700,"Census Tract 7, Linn County, Iowa",2254,186,8.3
19113000800,"Census Tract 8, Linn County, Iowa",4797,370,7.7
19113000901,"Census Tract 9.01, Linn County, Iowa",5354,95,1.8
19113000902,"Census Tract 9.02, Linn County, Iowa",6080,352,5.8
19113001001,"Census Tract 10.01, Linn County, Iowa",4336,98,2.3
19113001002,"Census Tract 10.02, Linn County, Iowa",3404,98,2.9
19113001003,"Census Tract 10.03, Linn County, Iowa",6841,506,7.4
19113001101,"Census Tract 11.01, Linn County, Iowa",4310,61,1.4
19113001102,"Census Tract 11.02, Linn County, Iowa",3487,147,4.2
19113001200,"Census Tract 12, Linn County, Iowa",1559,116,7.4
19113001300,"Census Tract 13, Linn County, Iowa",3515,49,1.4
19113001400,"Census Tract 14, Linn County, Iowa",3470,63,1.8
19113001500,"Census Tract 15, Linn County, Iowa",3002,35,1.2
19113001600,"Census Tract 16, Linn County, Iowa",5502,73,1.3
19113001700,"Census Tract 17, Linn County, Iowa",5955,224,3.8
19113001800,"Census Tract 18, Linn County, Iowa",3568,11,0.3
19113001900,"Census Tract 19, Linn County, Iowa",2979,270,9.1
19113002200,"Census Tract 22, Linn County, Iowa",1999,161,8.1
19113002300,"Census Tract 23, Linn County, Iowa",3750,29,0.8
19113002400,"Census Tract 24, Linn County, Iowa",4238,122,2.9
19113002500,"Census Tract 25, Linn County, Iowa",3025,34,1.1
19113002600,"Census Tract 26, Linn County, Iowa",2942,93,3.2
19113002700,"Census Tract 27, Linn County, Iowa",1664,5,0.3
19113002800,"Census Tract 28, Linn County, Iowa",3896,87,2.2
19113002900,"Census Tract 29, Linn County, Iowa",5392,167,3.1
19113003001,"Census Tract 30.01, Linn County, Iowa",9355,359,3.8
19113003002,"Census Tract 30.02, Linn County, Iowa",6830,165,2.4
19113010100,"Census Tract 101, Linn County, Iowa",3081,20,0.6
19113010200,"Census Tract 102, Linn County, Iowa",4562,22,0.5
19113010300,"Census Tract 103, Linn County, Iowa",3748,42,1.1
19113010400,"Census Tract 104, Linn County, Iowa",2864,6,0.2
19113010500,"Census Tract 105, Linn County, Iowa",3858,60,1.6
19113010600,"Census Tract 106, Linn County, Iowa",6061,52,0.9
19113010700,"Census Tract 107, Linn County, Iowa",6115,105,1.7
19113010800,"Census Tract 108, Linn County, Iowa",7359,411,5.6
19115450100,"Census Tract 4501, Louisa County, Iowa",2867,239,8.3
19115450200,"Census Tract 4502, Louisa County, Iowa",4288,1332,31.1
19115450300,"Census Tract 4503, Louisa County, Iowa",4150,250,6.0
19117950100,"Census Tract 9501, Lucas County, Iowa",1954,0,0.0
19117950200,"Census Tract 9502, Lucas County, Iowa",2429,39,1.6
19117950300,"Census Tract 9503, Lucas County, Iowa",1895,0,0.0
19117950400,"Census Tract 9504, Lucas County, Iowa",2507,18,0.7
19119950100,"Census Tract 9501, Lyon County, Iowa",2749,52,1.9
19119950200,"Census Tract 9502, Lyon County, Iowa",3373,30,0.9
19119950300,"Census Tract 9503, Lyon County, Iowa",5558,185,3.3
19121060100,"Census Tract 601, Madison County, Iowa",6362,54,0.8
19121060200,"Census Tract 602, Madison County, Iowa",5213,123,2.4
19121060300,"Census Tract 603, Madison County, Iowa",4054,40,1.0
19123950100,"Census Tract 9501, Mahaska County, Iowa",3094,42,1.4
19123950200,"Census Tract 9502, Mahaska County, Iowa",3456,47,1.4
19123950300,"Census Tract 9503, Mahaska County, Iowa",3581,32,0.9
19123950400,"Census Tract 9504, Mahaska County, Iowa",2915,0,0.0
19123950500,"Census Tract 9505, Mahaska County, Iowa",3329,52,1.6
19123950600,"Census Tract 9506, Mahaska County, Iowa",3266,149,4.6
19123950700,"Census Tract 9507, Mahaska County, Iowa",2779,76,2.7
19125030100,"Census Tract 301, Marion County, Iowa",7463,58,0.8
19125030200,"Census Tract 302, Marion County, Iowa",6633,76,1.1
19125030300,"Census Tract 303, Marion County, Iowa",3252,64,2.0
19125030401,"Census Tract 304.01, Marion County, Iowa",4497,249,5.5
19125030402,"Census Tract 304.02, Marion County, Iowa",3955,15,0.4
19125030500,"Census Tract 305, Marion County, Iowa",1836,103,5.6
19125030600,"Census Tract 306, Marion County, Iowa",2705,0,0.0
19125030700,"Census Tract 307, Marion County, Iowa",2967,9,0.3
19127950100,"Census Tract 9501, Marshall County, Iowa",2827,18,0.6
19127950200,"Census Tract 9502, Marshall County, Iowa",3147,205,6.5
19127950300,"Census Tract 9503, Marshall County, Iowa",3652,106,2.9
19127950400,"Census Tract 9504, Marshall County, Iowa",2994,96,3.2
19127950500,"Census Tract 9505, Marshall County, Iowa",4706,2474,52.6
19127950600,"Census Tract 9506, Marshall County, Iowa",4269,1029,24.1
19127950700,"Census Tract 9507, Marshall County, Iowa",4600,883,19.2
19127950800,"Census Tract 9508, Marshall County, Iowa",6677,753,11.3
19127950900,"Census Tract 9509, Marshall County, Iowa",3581,1384,38.6
19127951000,"Census Tract 9510, Marshall County, Iowa",4469,687,15.4
19129040100,"Census Tract 401, Mills County, Iowa",2945,30,1.0
19129040201,"Census Tract 402.01, Mills County, Iowa",2133,57,2.7
19129040202,"Census Tract 402.02, Mills County, Iowa",3501,174,5.0
19129040301,"Census Tract 403.01, Mills County, Iowa",2653,0,0.0
19129040302,"Census Tract 403.02, Mills County, Iowa",3714,122,3.3
19131560100,"Census Tract 5601, Mitchell County, Iowa",3416,25,0.7
19131560200,"Census Tract 5602, Mitchell County, Iowa",3535,20,0.6
19131560300,"Census Tract 5603, Mitchell County, Iowa",3793,63,1.7
19133960100,"Census Tract 9601, Monona County, Iowa",2266,23,1.0
19133960200,"Census Tract 9602, Monona County, Iowa",2091,32,1.5
19133960300,"Census Tract 9603, Monona County, Iowa",2954,58,2.0
19133960400,"Census Tract 9604, Monona County, Iowa",1838,28,1.5
19135070100,"Census Tract 701, Monroe County, Iowa",3270,0,0.0
19135070200,"Census Tract 702, Monroe County, Iowa",2662,9,0.3
19135070300,"Census Tract 703, Monroe County, Iowa",2087,31,1.5
19137960100,"Census Tract 9601, Montgomery County, Iowa",2029,3,0.1
19137960200,"Census Tract 9602, Montgomery County, Iowa",2538,104,4.1
19137960300,"Census Tract 9603, Montgomery County, Iowa",3180,173,5.4
19137960400,"Census Tract 9604, Montgomery County, Iowa",2802,58,2.1
19139050100,"Census Tract 501, Muscatine County, Iowa",3280,165,5.0
19139050200,"Census Tract 502, Muscatine County, Iowa",5040,186,3.7
19139050300,"Census Tract 503, Muscatine County, Iowa",5131,1984,38.7
19139050400,"Census Tract 504, Muscatine County, Iowa",4256,455,10.7
19139050500,"Census Tract 505, Muscatine County, Iowa",4671,382,8.2
19139050600,"Census Tract 506, Muscatine County, Iowa",5005,259,5.2
19139050700,"Census Tract 507, Muscatine County, Iowa",5577,1034,18.5
19139050800,"Census Tract 508, Muscatine County, Iowa",3835,1506,39.3
19139050900,"Census Tract 509, Muscatine County, Iowa",2845,241,8.5
19139051000,"Census Tract 510, Muscatine County, Iowa",3217,910,28.3
19141490100,"Census Tract 4901, O'Brien County, Iowa",2767,139,5.0
19141490200,"Census Tract 4902, O'Brien County, Iowa",3725,114,3.1
19141490300,"Census Tract 4903, O'Brien County, Iowa",5066,255,5.0
19141490400,"Census Tract 4904, O'Brien County, Iowa",2615,67,2.6
19143460100,"Census Tract 4601, Osceola County, Iowa",3312,298,9.0
19143460200,"Census Tract 4602, Osceola County, Iowa",2967,110,3.7
19145490100,"Census Tract 4901, Page County, Iowa",2619,5,0.2
19145490200,"Census Tract 4902, Page County, Iowa",2364,187,7.9
19145490300,"Census Tract 4903, Page County, Iowa",2975,116,3.9
19145490400,"Census Tract 4904, Page County, Iowa",3231,48,1.5
19145490500,"Census Tract 4905, Page County, Iowa",2411,75,3.1
19145490600,"Census Tract 4906, Page County, Iowa",2137,16,0.7
19147960100,"Census Tract 9601, Palo Alto County, Iowa",1965,42,2.1
19147960200,"Census Tract 9602, Palo Alto County, Iowa",1822,13,0.7
19147960300,"Census Tract 9603, Palo Alto County, Iowa",3955,117,3.0
19147960400,"Census Tract 9604, Palo Alto County, Iowa",1521,2,0.1
19149970100,"Census Tract 9701, Plymouth County, Iowa",6535,210,3.2
19149970200,"Census Tract 9702, Plymouth County, Iowa",3572,410,11.5
19149970300,"Census Tract 9703, Plymouth County, Iowa",3173,47,1.5
19149970400,"Census Tract 9704, Plymouth County, Iowa",3129,34,1.1
19149970500,"Census Tract 9705, Plymouth County, Iowa",3145,37,1.2
19149970600,"Census Tract 9706, Plymouth County, Iowa",5345,121,2.3
19151780100,"Census Tract 7801, Pocahontas County, Iowa",1987,61,3.1
19151780200,"Census Tract 7802, Pocahontas County, Iowa",3008,65,2.2
19151780300,"Census Tract 7803, Pocahontas County, Iowa",2196,87,4.0
19153000101,"Census Tract 1.01, Polk County, Iowa",3737,230,6.2
19153000102,"Census Tract 1.02, Polk County, Iowa",4049,341,8.4
19153000103,"Census Tract 1.03, Polk County, Iowa",2105,102,4.8
19153000201,"Census Tract 2.01, Polk County, Iowa",2836,474,16.7
19153000202,"Census Tract 2.02, Polk County, Iowa",3639,362,9.9
19153000300,"Census Tract 3, Polk County, Iowa",3875,536,13.8
19153000400,"Census Tract 4, Polk County, Iowa",4859,1039,21.4
19153000500,"Census Tract 5, Polk County, Iowa",4862,837,17.2
19153000600,"Census Tract 6, Polk County, Iowa",3902,420,10.8
19153000701,"Census Tract 7.01, Polk County, Iowa",3347,274,8.2
19153000702,"Census Tract 7.02, Polk County, Iowa",3367,103,3.1
19153000703,"Census Tract 7.03, Polk County, Iowa",2910,161,5.5
19153000704,"Census Tract 7.04, Polk County, Iowa",3028,101,3.3
19153000801,"Census Tract 8.01, Polk County, Iowa",5736,382,6.7
19153000802,"Census Tract 8.02, Polk County, Iowa",3211,20,0.6
19153000803,"Census Tract 8.03, Polk County, Iowa",4125,108,2.6
19153000901,"Census Tract 9.01, Polk County, Iowa",3383,41,1.2
19153000902,"Census Tract 9.02, Polk County, Iowa",3170,34,1.1
19153001000,"Census Tract 10, Polk County, Iowa",4520,206,4.6
19153001100,"Census Tract 11, Polk County, Iowa",5655,1203,21.3
19153001200,"Census Tract 12, Polk County, Iowa",3642,1102,30.3
19153001500,"Census Tract 15, Polk County, Iowa",3184,367,11.5
19153001700,"Census Tract 17, Polk County, Iowa",2684,879,32.7
19153001800,"Census Tract 18, Polk County, Iowa",1944,108,5.6
19153001900,"Census Tract 19, Polk County, Iowa",4148,641,15.5
19153002100,"Census Tract 21, Polk County, Iowa",4701,847,18.0
19153002600,"Census Tract 26, Polk County, Iowa",2334,679,29.1
19153002700,"Census Tract 27, Polk County, Iowa",2954,111,3.8
19153002800,"Census Tract 28, Polk County, Iowa",3533,335,9.5
19153002900,"Census Tract 29, Polk County, Iowa",3990,424,10.6
19153003001,"Census Tract 30.01, Polk County, Iowa",2001,67,3.3
19153003002,"Census Tract 30.02, Polk County, Iowa",3369,65,1.9
19153003100,"Census Tract 31, Polk County, Iowa",1823,24,1.3
19153003200,"Census Tract 32, Polk County, Iowa",2515,62,2.5
19153003901,"Census Tract 39.01, Polk County, Iowa",3892,1278,32.8
19153003902,"Census Tract 39.02, Polk County, Iowa",5378,883,16.4
19153004001,"Census Tract 40.01, Polk County, Iowa",4258,57,1.3
19153004004,"Census Tract 40.04, Polk County, Iowa",3297,183,5.6
19153004100,"Census Tract 41, Polk County, Iowa",3256,108,3.3
19153004200,"Census Tract 42, Polk County, Iowa",1955,401,20.5
19153004300,"Census Tract 43, Polk County, Iowa",5514,306,5.5
19153004400,"Census Tract 44, Polk County, Iowa",4106,741,18.0
19153004501,"Census Tract 45.01, Polk County, Iowa",4200,365,8.7
19153004502,"Census Tract 45.02, Polk County, Iowa",2546,129,5.1
19153004602,"Census Tract 46.02, Polk County, Iowa",6275,1193,19.0
19153004603,"Census Tract 46.03, Polk County, Iowa",3546,149,4.2
19153004701,"Census Tract 47.01, Polk County, Iowa",4437,707,15.9
19153004702,"Census Tract 47.02, Polk County, Iowa",3156,520,16.5
19153004800,"Census Tract 48, Polk County, Iowa",3165,1064,33.6
19153004900,"Census Tract 49, Polk County, Iowa",2137,490,22.9
19153005000,"Census Tract 50, Polk County, Iowa",3578,927,25.9
19153005100,"Census Tract 51, Polk County, Iowa",4663,691,14.8
19153005200,"Census Tract 52, Polk County, Iowa",3459,1092,31.6
19153005300,"Census Tract 53, Polk County, Iowa",2485,208,8.4
19153010101,"Census Tract 101.01, Polk County, Iowa",4178,12,0.3
19153010102,"Census Tract 101.02, Polk County, Iowa",6540,272,4.2
19153010203,"Census Tract 102.03, Polk County, Iowa",22244,547,2.5
19153010205,"Census Tract 102.05, Polk County, Iowa",6481,173,2.7
19153010207,"Census Tract 102.07, Polk County, Iowa",4947,73,1.5
19153010208,"Census Tract 102.08, Polk County, Iowa",4273,46,1.1
19153010209,"Census Tract 102.09, Polk County, Iowa",5979,48,0.8
19153010211,"Census Tract 102.11, Polk County, Iowa",3817,33,0.9
19153010212,"Census Tract 102.12, Polk County, Iowa",4268,61,1.4
19153010404,"Census Tract 104.04, Polk County, Iowa",4652,252,5.4
19153010405,"Census Tract 104.05, Polk County, Iowa",6810,75,1.1
19153010406,"Census Tract 104.06, Polk County, Iowa",4050,243,6.0
19153010407,"Census Tract 104.07, Polk County, Iowa",4613,82,1.8
19153010408,"Census Tract 104.08, Polk County, Iowa",4242,153,3.6
19153010409,"Census Tract 104.09, Polk County, Iowa",4232,125,3.0
19153010500,"Census Tract 105, Polk County, Iowa",6238,586,9.4
19153010600,"Census Tract 106, Polk County, Iowa",8454,310,3.7
19153010702,"Census Tract 107.02, Polk County, Iowa",5914,143,2.4
19153010703,"Census Tract 107.03, Polk County, Iowa",4827,186,3.9
19153010705,"Census Tract 107.05, Polk County, Iowa",4014,71,1.8
19153010706,"Census Tract 107.06, Polk County, Iowa",6914,244,3.5
19153010802,"Census Tract 108.02, Polk County, Iowa",9810,935,9.5
19153010803,"Census Tract 108.03, Polk County, Iowa",5009,251,5.0
19153010804,"Census Tract 108.04, Polk County, Iowa",4602,437,9.5
19153011001,"Census Tract 110.01, Polk County, Iowa",3477,568,16.3
19153011021,"Census Tract 110.21, Polk County, Iowa",4782,107,2.2
19153011025,"Census Tract 110.25, Polk County, Iowa",3875,36,0.9
19153011026,"Census Tract 110.26, Polk County, Iowa",5880,214,3.6
19153011027,"Census Tract 110.27, Polk County, Iowa",7635,403,5.3
19153011028,"Census Tract 110.28, Polk County, Iowa",5018,318,6.3
19153011111,"Census Tract 111.11, Polk County, Iowa",5489,509,9.3
19153011112,"Census Tract 111.12, Polk County, Iowa",4217,287,6.8
19153011113,"Census Tract 111.13, Polk County, Iowa",2512,63,2.5
19153011114,"Census Tract 111.14, Polk County, Iowa",4288,654,15.3
19153011201,"Census Tract 112.01, Polk County, Iowa",5003,187,3.7
19153011203,"Census Tract 112.03, Polk County, Iowa",3648,13,0.4
19153011205,"Census Tract 112.05, Polk County, Iowa",3792,1258,33.2
19153011206,"Census Tract 112.06, Polk County, Iowa",3491,56,1.6
19153011300,"Census Tract 113, Polk County, Iowa",15790,290,1.8
19153011404,"Census Tract 114.04, Polk County, Iowa",6406,159,2.5
19153011500,"Census Tract 115, Polk County, Iowa",5984,36,0.6
19153011600,"Census Tract 116, Polk County, Iowa",0,0,
19153011701,"Census Tract 117.01, Polk County, Iowa",8946,111,1.2
19153011702,"Census Tract 117.02, Polk County, Iowa",3354,31,0.9
19155021200,"Census Tract 212, Pottawattamie County, Iowa",3771,377,10.0
19155021400,"Census Tract 214, Pottawattamie County, Iowa",3178,28,0.9
19155021501,"Census Tract 215.01, Pottawattamie County, Iowa",2487,54,2.2
19155021502,"Census Tract 215.02, Pottawattamie County, Iowa",2599,41,1.6
19155021602,"Census Tract 216.02, Pottawattamie County, Iowa",2667,3,0.1
19155021603,"Census Tract 216.03, Pottawattamie County, Iowa",2516,20,0.8
19155021701,"Census Tract 217.01, Pottawattamie County, Iowa",2440,131,5.4
19155021702,"Census Tract 217.02, Pottawattamie County, Iowa",2069,5,0.2
19155030100,"Census Tract 301, Pottawattamie County, Iowa",6048,163,2.7
19155030200,"Census Tract 302, Pottawattamie County, Iowa",3205,82,2.6
19155030300,"Census Tract 303, Pottawattamie County, Iowa",3101,112,3.6
19155030401,"Census Tract 304.01, Pottawattamie County, Iowa",4137,931,22.5
19155030402,"Census Tract 304.02, Pottawattamie County, Iowa",2975,112,3.8
19155030501,"Census Tract 305.01, Pottawattamie County, Iowa",2210,103,4.7
19155030502,"Census Tract 305.02, Pottawattamie County, Iowa",2638,409,15.5
19155030601,"Census Tract 306.01, Pottawattamie County, Iowa",2063,95,4.6
19155030602,"Census Tract 306.02, Pottawattamie County, Iowa",2730,342,12.5
19155030700,"Census Tract 307, Pottawattamie County, Iowa",2964,447,15.1
19155030800,"Census Tract 308, Pottawattamie County, Iowa",3449,442,12.8
19155030900,"Census Tract 309, Pottawattamie County, Iowa",1796,250,13.9
19155031000,"Census Tract 310, Pottawattamie County, Iowa",2208,93,4.2
19155031100,"Census Tract 311, Pottawattamie County, Iowa",2958,670,22.7
19155031200,"Census Tract 312, Pottawattamie County, Iowa",3206,179,5.6
19155031300,"Census Tract 313, Pottawattamie County, Iowa",2658,388,14.6
19155031400,"Census Tract 314, Pottawattamie County, Iowa",3482,244,7.0
19155031601,"Census Tract 316.01, Pottawattamie County, Iowa",4553,89,2.0
19155031602,"Census Tract 316.02, Pottawattamie County, Iowa",2915,97,3.3
19155031700,"Census Tract 317, Pottawattamie County, Iowa",4820,226,4.7
19155031800,"Census Tract 318, Pottawattamie County, Iowa",3594,74,2.1
19155031900,"Census Tract 319, Pottawattamie County, Iowa",3716,200,5.4
19157370100,"Census Tract 3701, Poweshiek County, Iowa",3025,50,1.7
19157370200,"Census Tract 3702, Poweshiek County, Iowa",2957,79,2.7
19157370300,"Census Tract 3703, Poweshiek County, Iowa",5505,269,4.9
19157370400,"Census Tract 3704, Poweshiek County, Iowa",3926,78,2.0
19157370500,"Census Tract 3705, Poweshiek County, Iowa",3352,27,0.8
19159950100,"Census Tract 9501, Ringgold County, Iowa",2202,35,1.6
19159950200,"Census Tract 9502, Ringgold County, Iowa",2880,35,1.2
19161080100,"Census Tract 801, Sac County, Iowa",2676,160,6.0
19161080200,"Census Tract 802, Sac County, Iowa",2716,14,0.5
19161080300,"Census Tract 803, Sac County, Iowa",2168,40,1.8
19161080400,"Census Tract 804, Sac County, Iowa",2602,30,1.2
19163010101,"Census Tract 101.01, Scott County, Iowa",3658,28,0.8
19163010102,"Census Tract 101.02, Scott County, Iowa",6867,136,2.0
19163010201,"Census Tract 102.01, Scott County, Iowa",6022,69,1.1
19163010202,"Census Tract 102.02, Scott County, Iowa",6174,209,3.4
19163010300,"Census Tract 103, Scott County, Iowa",2544,0,0.0
19163010401,"Census Tract 104.01, Scott County, Iowa",5491,144,2.6
19163010402,"Census Tract 104.02, Scott County, Iowa",3710,43,1.2
19163010600,"Census Tract 106, Scott County, Iowa",2553,388,15.2
19163010700,"Census Tract 107, Scott County, Iowa",1864,226,12.1
19163010800,"Census Tract 108, Scott County, Iowa",2834,622,21.9
19163010900,"Census Tract 109, Scott County, Iowa",1812,341,18.8
19163011000,"Census Tract 110, Scott County, Iowa",2265,333,14.7
19163011100,"Census Tract 111, Scott County, Iowa",3402,308,9.1
19163011200,"Census Tract 112, Scott County, Iowa",2051,302,14.7
19163011300,"Census Tract 113, Scott County, Iowa",4519,238,5.3
19163011400,"Census Tract 114, Scott County, Iowa",2840,347,12.2
19163011500,"Census Tract 115, Scott County, Iowa",2279,228,10.0
19163011600,"Census Tract 116, Scott County, Iowa",3732,278,7.4
19163011700,"Census Tract 117, Scott County, Iowa",3075,287,9.3
19163011800,"Census Tract 118, Scott County, Iowa",2078,160,7.7
19163011900,"Census Tract 119, Scott County, Iowa",2618,133,5.1
19163012000,"Census Tract 120, Scott County, Iowa",3738,228,6.1
19163012100,"Census Tract 121, Scott County, Iowa",3888,306,7.9
19163012200,"Census Tract 122, Scott County, Iowa",2240,205,9.2
19163012300,"Census Tract 123, Scott County, Iowa",1559,192,12.3
19163012400,"Census Tract 124, Scott County, Iowa",1230,52,4.2
19163012501,"Census Tract 125.01, Scott County, Iowa",4014,367,9.1
19163012502,"Census Tract 125.02, Scott County, Iowa",3913,501,12.8
19163012601,"Census Tract 126.01, Scott County, Iowa",5317,82,1.5
19163012602,"Census Tract 126.02, Scott County, Iowa",4617,163,3.5
19163012701,"Census Tract 127.01, Scott County, Iowa",3366,146,4.3
19163012702,"Census Tract 127.02, Scott County, Iowa",3140,176,5.6
19163012801,"Census Tract 128.01, Scott County, Iowa",4737,355,7.5
19163012802,"Census Tract 128.02, Scott County, Iowa",4640,491,10.6
19163012901,"Census Tract 129.01, Scott County, Iowa",4644,107,2.3
19163012902,"Census Tract 129.02, Scott County, Iowa",5711,395,6.9
19163013000,"Census Tract 130, Scott County, Iowa",4943,300,6.1
19163013100,"Census Tract 131, Scott County, Iowa",1804,65,3.6
19163013200,"Census Tract 132, Scott County, Iowa",1653,73,4.4
19163013300,"Census Tract 133, Scott County, Iowa",3510,65,1.9
19163013400,"Census Tract 134, Scott County, Iowa",3109,144,4.6
19163013500,"Census Tract 135, Scott County, Iowa",3414,81,2.4
19163013600,"Census Tract 136, Scott County, Iowa",2674,110,4.1
19163013702,"Census Tract 137.02, Scott County, Iowa",5800,31,0.5
19163013703,"Census Tract 137.03, Scott County, Iowa",2838,168,5.9
19163013705,"Census Tract 137.05, Scott County, Iowa",5184,203,3.9
19163013706,"Census Tract 137.06, Scott County, Iowa",4643,237,5.1
19165960100,"Census Tract 9601, Shelby County, Iowa",3027,24,0.8
19165960200,"Census Tract 9602, Shelby County, Iowa",3130,10,0.3
19165960300,"Census Tract 9603, Shelby County, Iowa",3503,212,6.1
19165960400,"Census Tract 9604, Shelby County, Iowa",2374,0,0.0
19167070100,"Census Tract 701, Sioux County, Iowa",3911,211,5.4
19167070200,"Census Tract 702, Sioux County, Iowa",4366,380,8.7
19167070300,"Census Tract 703, Sioux County, Iowa",5882,153,2.6
19167070400,"Census Tract 704, Sioux County, Iowa",4223,741,17.5
19167070500,"Census Tract 705, Sioux County, Iowa",2893,259,9.0
19167070600,"Census Tract 706, Sioux County, Iowa",6083,469,7.7
19167070700,"Census Tract 707, Sioux County, Iowa",6903,988,14.3
19169000100,"Census Tract 1, Story County, Iowa",10981,397,3.6
19169000200,"Census Tract 2, Story County, Iowa",3724,129,3.5
19169000300,"Census Tract 3, Story County, Iowa",3448,84,2.4
19169000400,"Census Tract 4, Story County, Iowa",2593,19,0.7
19169000500,"Census Tract 5, Story County, Iowa",3037,192,6.3
19169000600,"Census Tract 6, Story County, Iowa",4623,93,2.0
19169000700,"Census Tract 7, Story County, Iowa",3332,61,1.8
19169000800,"Census Tract 8, Story County, Iowa",5420,265,4.9
19169000900,"Census Tract 9, Story County, Iowa",3386,45,1.3
19169001000,"Census Tract 10, Story County, Iowa",4581,172,3.8
19169001100,"Census Tract 11, Story County, Iowa",5809,179,3.1
19169001200,"Census Tract 12, Story County, Iowa",520,0,0.0
19169001301,"Census Tract 13.01, Story County, Iowa",10005,342,3.4
19169001302,"Census Tract 13.02, Story County, Iowa",4692,271,5.8
19169010100,"Census Tract 101, Story County, Iowa",7074,152,2.1
19169010200,"Census Tract 102, Story County, Iowa",3891,76,2.0
19169010300,"Census Tract 103, Story County, Iowa",4586,118,2.6
19169010400,"Census Tract 104, Story County, Iowa",2805,181,6.5
19169010500,"Census Tract 105, Story County, Iowa",1867,0,0.0
19169010600,"Census Tract 106, Story County, Iowa",5565,87,1.6
19171290100,"Census Tract 2901, Tama County, Iowa",3110,12,0.4
19171290200,"Census Tract 2902, Tama County, Iowa",2982,97,3.3
19171290300,"Census Tract 2903, Tama County, Iowa",2582,2,0.1
19171290400,"Census Tract 2904, Tama County, Iowa",2816,467,16.6
19171290500,"Census Tract 2905, Tama County, Iowa",3509,694,19.8
19171290600,"Census Tract 2906, Tama County, Iowa",2569,101,3.9
19173180100,"Census Tract 1801, Taylor County, Iowa",2420,370,15.3
19173180200,"Census Tract 1802, Taylor County, Iowa",2090,62,3.0
19173180300,"Census Tract 1803, Taylor County, Iowa",1715,0,0.0
19175190100,"Census Tract 1901, Union County, Iowa",2308,70,3.0
19175190200,"Census Tract 1902, Union County, Iowa",4003,103,2.6
19175190300,"Census Tract 1903, Union County, Iowa",2203,0,0.0
19175190400,"Census Tract 1904, Union County, Iowa",4040,110,2.7
19177950100,"Census Tract 9501, Van Buren County, Iowa",4332,88,2.0
19177950200,"Census Tract 9502, Van Buren County, Iowa",3155,5,0.2
19179960100,"Census Tract 9601, Wapello County, Iowa",3022,136,4.5
19179960200,"Census Tract 9602, Wapello County, Iowa",2470,575,23.3
19179960300,"Census Tract 9603, Wapello County, Iowa",4323,229,5.3
19179960400,"Census Tract 9604, Wapello County, Iowa",3955,415,10.5
19179960500,"Census Tract 9605, Wapello County, Iowa",2479,596,24.0
19179960600,"Census Tract 9606, Wapello County, Iowa",2867,406,14.2
19179960700,"Census Tract 9607, Wapello County, Iowa",3504,306,8.7
19179960800,"Census Tract 9608, Wapello County, Iowa",3328,176,5.3
19179960900,"Census Tract 9609, Wapello County, Iowa",3019,350,11.6
19179961000,"Census Tract 9610, Wapello County, Iowa",3384,166,4.9
19179961100,"Census Tract 9611, Wapello County, Iowa",3055,51,1.7
19181020100,"Census Tract 201, Warren County, Iowa",2102,109,5.2
19181020200,"Census Tract 202, Warren County, Iowa",7308,282,3.9
19181020300,"Census Tract 203, Warren County, Iowa",4915,27,0.5
19181020400,"Census Tract 204, Warren County, Iowa",4264,26,0.6
19181020500,"Census Tract 205, Warren County, Iowa",2284,21,0.9
19181020600,"Census Tract 206, Warren County, Iowa",2968,26,0.9
19181020700,"Census Tract 207, Warren County, Iowa",4298,170,4.0
19181020800,"Census Tract 208, Warren County, Iowa",3448,53,1.5
19181020900,"Census Tract 209, Warren County, Iowa",3502,73,2.1
19181021000,"Census Tract 210, Warren County, Iowa",2916,6,0.2
19181021100,"Census Tract 211, Warren County, Iowa",4945,179,3.6
19181021200,"Census Tract 212, Warren County, Iowa",4108,68,1.7
19183960100,"Census Tract 9601, Washington County, Iowa",6505,47,0.7
19183960200,"Census Tract 9602, Washington County, Iowa",4809,87,1.8
19183960300,"Census Tract 9603, Washington County, Iowa",3475,416,12.0
19183960400,"Census Tract 9604, Washington County, Iowa",3949,291,7.4
19183960500,"Census Tract 9605, Washington County, Iowa",3168,336,10.6
19185070100,"Census Tract 701, Wayne County, Iowa",2417,43,1.8
19185070200,"Census Tract 702, Wayne County, Iowa",1651,14,0.8
19185070300,"Census Tract 703, Wayne County, Iowa",2317,0,0.0
19187000100,"Census Tract 1, Webster County, Iowa",6269,81,1.3
19187000200,"Census Tract 2, Webster County, Iowa",3604,51,1.4
19187000300,"Census Tract 3, Webster County, Iowa",1392,100,7.2
19187000400,"Census Tract 4, Webster County, Iowa",2572,314,12.2
19187000500,"Census Tract 5, Webster County, Iowa",1735,124,7.1
19187000600,"Census Tract 6, Webster County, Iowa",4740,152,3.2
19187000700,"Census Tract 7, Webster County, Iowa",1712,176,10.3
19187000900,"Census Tract 9, Webster County, Iowa",4541,325,7.2
19187010100,"Census Tract 101, Webster County, Iowa",2286,68,3.0
19187010200,"Census Tract 102, Webster County, Iowa",1862,60,3.2
19187010300,"Census Tract 103, Webster County, Iowa",3436,51,1.5
19187010400,"Census Tract 104, Webster County, Iowa",3250,25,0.8
19189680100,"Census Tract 6801, Winnebago County, Iowa",3962,97,2.4
19189680200,"Census Tract 6802, Winnebago County, Iowa",2881,65,2.3
19189680300,"Census Tract 6803, Winnebago County, Iowa",3802,219,5.8
19191950100,"Census Tract 9501, Winneshiek County, Iowa",3520,16,0.5
19191950200,"Census Tract 9502, Winneshiek County, Iowa",5916,80,1.4
19191950300,"Census Tract 9503, Winneshiek County, Iowa",3611,88,2.4
19191950400,"Census Tract 9504, Winneshiek County, Iowa",4627,181,3.9
19191950500,"Census Tract 9505, Winneshiek County, Iowa",3283,56,1.7
19193000100,"Census Tract 1, Woodbury County, Iowa",4289,789,18.4
19193000200,"Census Tract 2, Woodbury County, Iowa",6689,663,9.9
19193000300,"Census Tract 3, Woodbury County, Iowa",6707,1030,15.4
19193000400,"Census Tract 4, Woodbury County, Iowa",4609,208,4.5
19193000500,"Census Tract 5, Woodbury County, Iowa",3740,139,3.7
19193000600,"Census Tract 6, Woodbury County, Iowa",2619,178,6.8
19193000700,"Census Tract 7, Woodbury County, Iowa",3100,597,19.3
19193000800,"Census Tract 8, Woodbury County, Iowa",3989,1274,31.9
19193000900,"Census Tract 9, Woodbury County, Iowa",2157,209,9.7
19193001000,"Census Tract 10, Woodbury County, Iowa",1949,320,16.4
19193001100,"Census Tract 11, Woodbury County, Iowa",4451,1473,33.1
19193001200,"Census Tract 12, Woodbury County, Iowa",3011,1799,59.7
19193001300,"Census Tract 13, Woodbury County, Iowa",1345,315,23.4
19193001400,"Census Tract 14, Woodbury County, Iowa",4749,2149,45.3
19193001500,"Census Tract 15, Woodbury County, Iowa",1933,499,25.8
19193001800,"Census Tract 18, Woodbury County, Iowa",6582,875,13.3
19193001900,"Census Tract 19, Woodbury County, Iowa",2932,265,9.0
19193002000,"Census Tract 20, Woodbury County, Iowa",5119,325,6.3
19193002101,"Census Tract 21.01, Woodbury County, Iowa",2984,0,0.0
19193002102,"Census Tract 21.02, Woodbury County, Iowa",6098,513,8.4
19193003100,"Census Tract 31, Woodbury County, Iowa",4079,94,2.3
19193003200,"Census Tract 32, Woodbury County, Iowa",4748,61,1.3
19193003300,"Census Tract 33, Woodbury County, Iowa",7258,96,1.3
19193003500,"Census Tract 35, Woodbury County, Iowa",3974,86,2.2
19193003600,"Census Tract 36, Woodbury County, Iowa",3261,935,28.7
19193940200,"Census Tract 9402, Woodbury County, Iowa",0,0,
19195690100,"Census Tract 6901, Worth County, Iowa",2396,55,2.3
19195690200,"Census Tract 6902, Worth County, Iowa",2203,38,1.7
19195690300,"Census Tract 6903, Worth County, Iowa",2968,88,3.0
19197680100,"Census Tract 6801, Wright County, Iowa",3564,283,7.9
19197680200,"Census Tract 6802, Wright County, Iowa",1580,45,2.8
19197680300,"Census Tract 6803, Wright County, Iowa",3121,274,8.8
19197680400,"Census Tract 6804, Wright County, Iowa",1167,39,3.3
19197680500,"Census Tract 6805, Wright County, Iowa",3575,637,17.8
